chrom,pos,locus_id,ref,alt,qual,type,ref_depth,alt_depth,alt_freq,sum_alt_freq,symbol,gene,feature,biotype,consequence,impact,amino_acids,codons,library_id,gene_description,Tier 
PbANKA_05_v3,420953,3832,ATC,TTCT,271.95,OTHER,3,5,0.135135,0.918919,.,PBANKA_0510200,PBANKA_0510200.1,mRNA,frameshift_variant,HIGH,KI/KEX,aaGATa/aaAGAAa,233_gDNA,"conserved+Plasmodium+protein,+unknown+function",4
PbANKA_05_v3,420953,3832,ATCTTTTTA,TTCTTTTTTT,271.95,OTHER,3,5,0.135135,0.918919,.,PBANKA_0510200,PBANKA_0510200.1,mRNA,frameshift_variant,HIGH,NKKI/KKKEX,aaTAAAAAGATa/aaAAAAAAAGAAa,233_gDNA,"conserved+Plasmodium+protein,+unknown+function",4
PbANKA_05_v3,420955,3832,C,CT,271.95,INDEL,3,13,0.351351,0.918919,.,PBANKA_0510200,PBANKA_0510200.1,mRNA,frameshift_variant,HIGH,K/KX,aag/aaAg,233_gDNA,"conserved+Plasmodium+protein,+unknown+function",4
PbANKA_09_v3,1586688,10576,ATATC,GTATG,550.498,MNP,0,27,1,1,.,PBANKA_0943700,PBANKA_0943700.1,mRNA,stop_gained,HIGH,IS/V*,ATATCa/GTATGa,233_gDNA,fam-b+protein,4
PbANKA_09_v3,1587093,10584,C,T,218.54,SNP,0,13,1,1,.,PBANKA_0943700,PBANKA_0943700.1,mRNA,stop_gained,HIGH,Q/*,Caa/Taa,233_gDNA,fam-b+protein,4
PbANKA_13_v3,686936,17872,CAA,C,80.0559,INDEL,1,5,0.833333,0.833333,.,PBANKA_1316300,PBANKA_1316300.1,mRNA,frameshift_variant,HIGH,SK/SX,tcAAaa/tcaa,233_gDNA,"conserved+Plasmodium+protein,+unknown+function",2
PbANKA_14_v3,11177,20043,C,T,100.647,SNP,1,11,0.916667,0.916667,.,PBANKA_1400041,PBANKA_1400041.1,mRNA,stop_gained,HIGH,Q/*,Caa/Taa,233_gDNA,fam-b+protein,3
PbANKA_14_v3,1423198,21371,C,T,2605.28,SNP,0,102,1,1,AP2-G,PBANKA_1437500,PBANKA_1437500.1,mRNA,stop_gained,HIGH,R/*,Cga/Tga,233_gDNA,AP2+domain+transcription+factor+AP2-G,4
PbANKA_01_v3,395998,97,G,GTT,1180.4,INDEL,0,9,0.145161,1,BTP1,PBANKA_0109900,PBANKA_0109900.1,mRNA,frameshift_variant,HIGH,T/KX,acc/aAAcc,m9_GNP_PbANKA_820,"basal+complex+transmembrane+protein+1,+putative",4
PbANKA_04_v3,496944,551,A,AT,256.437,INDEL,9,22,0.25,0.897727,.,PBANKA_0414000,PBANKA_0414000.1,mRNA,frameshift_variant,HIGH,-/X,-/A,m9_GNP_PbANKA_820,"conserved+Plasmodium+protein,+unknown+function",4
PbANKA_05_v3,420955,627,C,CT,5986.85,INDEL,5,235,0.979167,0.979167,.,PBANKA_0510200,PBANKA_0510200.1,mRNA,frameshift_variant,HIGH,K/KX,aag/aaAg,m9_GNP_PbANKA_820,"conserved+Plasmodium+protein,+unknown+function",2
PbANKA_06_v3,434992,802,T,TA,659.483,INDEL,9,45,0.387931,0.922414,.,PBANKA_0609500,PBANKA_0609500.1,mRNA,frameshift_variant,HIGH,I/IX,ata/atAa,m9_GNP_PbANKA_820,"kinesin-X3,+putative",4
PbANKA_06_v3,435015,802,C,AA,659.483,OTHER,9,16,0.137931,0.922414,.,PBANKA_0609500,PBANKA_0609500.1,mRNA,frameshift_variant,HIGH,L/NX,Cta/AAta,m9_GNP_PbANKA_820,"kinesin-X3,+putative",4
PbANKA_06_v3,435015,802,CT,ACA,659.483,OTHER,9,14,0.12069,0.922414,.,PBANKA_0609500,PBANKA_0609500.1,mRNA,frameshift_variant,HIGH,L/TX,CTa/ACAa,m9_GNP_PbANKA_820,"kinesin-X3,+putative",4
PbANKA_07_v3,410805,1002,C,A,508.187,SNP,0,14,0.233333,1,.,PBANKA_0710700,PBANKA_0710700.1,mRNA,stop_gained,HIGH,S/*,tCa/tAa,m9_GNP_PbANKA_820,"RNA-binding+protein,+putative",4
PbANKA_08_v3,822706,1203,A,ATTTT,585.864,INDEL,0,34,0.548387,1,RCC-PIP,PBANKA_0820800,PBANKA_0820800.1,mRNA,frameshift_variant,HIGH,I/KNX,att/aAAAAtt,m9_GNP_PbANKA_820,regulator+of+chromosome+condensation-PP1-interacting+protein,4
PbANKA_08_v3,822727,1203,C,TTTTT,585.864,OTHER,0,28,0.451613,1,RCC-PIP,PBANKA_0820800,PBANKA_0820800.1,mRNA,frameshift_variant,HIGH,R/KKX,aGa/aAAAAAa,m9_GNP_PbANKA_820,regulator+of+chromosome+condensation-PP1-interacting+protein,4
PbANKA_08_v3,886399,1217,C,CTT,717.608,INDEL,3,62,0.574074,0.972222,.,PBANKA_0822600,PBANKA_0822600.1,mRNA,frameshift_variant,HIGH,-/X,-/AA,m9_GNP_PbANKA_820,"conserved+protein,+unknown+function",2
PbANKA_09_v3,1586688,1590,ATATC,GTATG,128.896,MNP,1,7,0.875,0.875,.,PBANKA_0943700,PBANKA_0943700.1,mRNA,stop_gained,HIGH,IS/V*,ATATCa/GTATGa,m9_GNP_PbANKA_820,fam-b+protein,3
PbANKA_09_v3,1587093,1596,C,T,1097.83,SNP,1,51,0.980769,0.980769,.,PBANKA_0943700,PBANKA_0943700.1,mRNA,stop_gained,HIGH,Q/*,Caa/Taa,m9_GNP_PbANKA_820,fam-b+protein,3
PbANKA_10_v3,1141482,1826,A,AAT,2909.22,INDEL,6,58,0.315217,0.967391,.,PBANKA_1028000,PBANKA_1028000.1,mRNA,frameshift_variant,HIGH,S/NX,agt/aATgt,m9_GNP_PbANKA_820,"ubiquitin+carboxyl-terminal+hydrolase,+putative",4
PbANKA_14_v3,1419051,2884,T,A,4506.64,SNP,1,149,0.993333,0.993333,AP2-G,PBANKA_1437500,PBANKA_1437500.1,mRNA,stop_gained,HIGH,Y/*,taT/taA,m9_GNP_PbANKA_820,AP2+domain+transcription+factor+AP2-G,1
PbANKA_14_v3,1974715,2970,GA,G,282.208,INDEL,5,21,0.466667,0.888889,.,PBANKA_1451000,PBANKA_1451000.1,mRNA,frameshift_variant,HIGH,K/X,Aaa/aa,m9_GNP_PbANKA_820,"conserved+Plasmodium+protein,+unknown+function",4
PbANKA_14_v3,1974715,2970,GAA,G,282.208,INDEL,5,7,0.155556,0.888889,.,PBANKA_1451000,PBANKA_1451000.1,mRNA,frameshift_variant,HIGH,K/X,AAa/a,m9_GNP_PbANKA_820,"conserved+Plasmodium+protein,+unknown+function",4
PbANKA_14_v3,2545321,3049,ATATG,GTAT,67.5715,OTHER,0,5,0.416667,1,.,PBANKA_1466241,PBANKA_1466241.1,mRNA,frameshift_variant,HIGH,YM/CX,tATATG/tGTAT,m9_GNP_PbANKA_820,fam-b+protein,4
PbANKA_14_v3,2545324,3049,TG,T,67.5715,INDEL,0,7,0.583333,1,.,PBANKA_1466241,PBANKA_1466241.1,mRNA,frameshift_variant,HIGH,M/X,atG/at,m9_GNP_PbANKA_820,fam-b+protein,4
PbANKA_03_v3,107806,1159,TAAG,GAAA,5191.13,MNP,0,64,0.25098,1,RPN1,PBANKA_0303600,PBANKA_0303600.1,mRNA,splice_donor_variant&intron_variant,HIGH,.,.,K173v1_gDNA_NoPCR,"26S+proteasome+regulatory+subunit+RPN1,+putative",4
PbANKA_03_v3,437703,1282,C,A,10599.6,SNP,0,364,1,1,DHHC11,PBANKA_0312600,PBANKA_0312600.1,mRNA,splice_acceptor_variant,HIGH,.,.,K173v1_gDNA_NoPCR,"palmitoyltransferase+DHHC11,+putative",4
PbANKA_05_v3,420955,2350,C,CT,4528.4,INDEL,4,190,0.979381,0.979381,.,PBANKA_0510200,PBANKA_0510200.1,mRNA,frameshift_variant,HIGH,K/KX,aag/aaAg,K173v1_gDNA_NoPCR,"conserved+Plasmodium+protein,+unknown+function",2
PbANKA_06_v3,165816,3054,G,GAA,624.844,INDEL,5,11,0.229167,0.895833,MFS4,PBANKA_0602400,PBANKA_0602400.1,mRNA,frameshift_variant,HIGH,E/EX,gaa/gAAaa,K173v1_gDNA_NoPCR,"major+facilitator+superfamily+domain-containing+protein,+putative",4
PbANKA_06_v3,165816,3054,G,GAAAA,624.844,INDEL,5,6,0.125,0.895833,MFS4,PBANKA_0602400,PBANKA_0602400.1,mRNA,frameshift_variant,HIGH,E/EKX,gaa/gAAAAaa,K173v1_gDNA_NoPCR,"major+facilitator+superfamily+domain-containing+protein,+putative",4
PbANKA_06_v3,434992,3187,T,TA,819.9,INDEL,2,25,0.362319,0.971014,.,PBANKA_0609500,PBANKA_0609500.1,mRNA,frameshift_variant,HIGH,I/IX,ata/atAa,K173v1_gDNA_NoPCR,"kinesin-X3,+putative",4
PbANKA_06_v3,542842,3245,A,ATT,352.967,INDEL,0,7,0.142857,1,.,PBANKA_0612600,PBANKA_0612600.1,mRNA,frameshift_variant,HIGH,I/KX,ata/aAAta,K173v1_gDNA_NoPCR,"PP-loop+family+protein,+putative",4
PbANKA_06_v3,662691,3301,G,T,11015.5,SNP,1,381,0.997382,0.997382,.,PBANKA_0615700,PBANKA_0615700.1,mRNA,stop_gained,HIGH,S/*,tCa/tAa,K173v1_gDNA_NoPCR,"dynein+heavy+chain,+putative",1
PbANKA_06_v3,971594,3432,T,A,13303.5,SNP,0,436,1,1,.,PBANKA_0623600,PBANKA_0623600.1,mRNA,stop_gained,HIGH,L/*,tTa/tAa,K173v1_gDNA_NoPCR,PIR+protein,4
PbANKA_07_v3,91160,3650,GA,G,6258.9,INDEL,1,218,0.995434,0.995434,.,PBANKA_0701200,PBANKA_0701200.1,mRNA,frameshift_variant,HIGH,K/X,Aaa/aa,K173v1_gDNA_NoPCR,"conserved+Plasmodium+protein,+unknown+function",2
PbANKA_07_v3,200320,3709,G,T,7355.9,SNP,1,293,0.996599,0.996599,.,PBANKA_0704400,PBANKA_0704400.1,mRNA,start_lost,HIGH,M/I,atG/atT,K173v1_gDNA_NoPCR,"alpha/beta+hydrolase,+putative",1
PbANKA_07_v3,318720,3747,G,GA,774.829,INDEL,22,63,0.547826,0.808696,VPS15,PBANKA_0707600,PBANKA_0707600.1,mRNA,frameshift_variant,HIGH,-/X,-/A,K173v1_gDNA_NoPCR,"serine/threonine+protein+kinase+VPS15,+putative",2
PbANKA_07_v3,410805,3791,C,CAA,418.646,INDEL,1,10,0.121951,0.987805,.,PBANKA_0710700,PBANKA_0710700.1,mRNA,frameshift_variant,HIGH,S/SX,tca/tcAAa,K173v1_gDNA_NoPCR,"RNA-binding+protein,+putative",4
PbANKA_07_v3,410805,3791,C,A,418.646,SNP,1,20,0.243902,0.987805,.,PBANKA_0710700,PBANKA_0710700.1,mRNA,stop_gained,HIGH,S/*,tCa/tAa,K173v1_gDNA_NoPCR,"RNA-binding+protein,+putative",4
PbANKA_07_v3,701595,3962,C,CA,200.182,INDEL,13,31,0.430556,0.819444,.,PBANKA_0719500,PBANKA_0719500.1,mRNA,frameshift_variant,HIGH,Q/QX,caa/cAaa,K173v1_gDNA_NoPCR,"conserved+Plasmodium+protein,+unknown+function",4
PbANKA_08_v3,128086,4348,A,AT,657.418,INDEL,12,22,0.252874,0.862069,.,PBANKA_0802200,PBANKA_0802200.1,mRNA,frameshift_variant,HIGH,I/NX,ata/aAta,K173v1_gDNA_NoPCR,"serine/threonine+protein+kinase,+putative",4
PbANKA_08_v3,822706,4587,A,ATTTT,615.405,INDEL,1,42,0.7,0.983333,RCC-PIP,PBANKA_0820800,PBANKA_0820800.1,mRNA,frameshift_variant,HIGH,I/KNX,att/aAAAAtt,K173v1_gDNA_NoPCR,regulator+of+chromosome+condensation-PP1-interacting+protein,2
PbANKA_08_v3,822727,4587,C,TTTTT,615.405,OTHER,1,17,0.283333,0.983333,RCC-PIP,PBANKA_0820800,PBANKA_0820800.1,mRNA,frameshift_variant,HIGH,R/KKX,aGa/aAAAAAa,K173v1_gDNA_NoPCR,regulator+of+chromosome+condensation-PP1-interacting+protein,4
PbANKA_08_v3,886399,4616,C,CTT,466.353,INDEL,0,36,0.571429,1,.,PBANKA_0822600,PBANKA_0822600.1,mRNA,frameshift_variant,HIGH,-/X,-/AA,K173v1_gDNA_NoPCR,"conserved+protein,+unknown+function",4
PbANKA_08_v3,886419,4616,CTTC,TTTTTT,466.353,OTHER,0,13,0.206349,1,.,PBANKA_0822600,PBANKA_0822600.1,mRNA,frameshift_variant,HIGH,RR/KKX,aGAAGa/aAAAAAAa,K173v1_gDNA_NoPCR,"conserved+protein,+unknown+function",4
PbANKA_08_v3,1050496,4711,C,CAA,5706.5,INDEL,4,211,0.981395,0.981395,.,PBANKA_0827100,PBANKA_0827100.1,mRNA,frameshift_variant,HIGH,Q/QX,caa/cAAaa,K173v1_gDNA_NoPCR,"protein+kinase,+putative",1
PbANKA_08_v3,1398622,5392,TAGT,AGC,644.412,OTHER,15,81,0.84375,0.84375,.,PBANKA_0837101,PBANKA_0837101.1,mRNA,splice_acceptor_variant&coding_sequence_variant&intron_variant,HIGH,.,.,K173v1_gDNA_NoPCR,PIR+protein,3
PbANKA_09_v3,1200530,6020,GA,G,6772.19,INDEL,0,241,1,1,G3PDH,PBANKA_0932900,PBANKA_0932900.1,mRNA,frameshift_variant,HIGH,E/X,gAa/ga,K173v1_gDNA_NoPCR,"glycerol-3-phosphate+dehydrogenase,+putative",4
PbANKA_10_v3,854719,7134,A,AT,3926.79,INDEL,8,164,0.953488,0.953488,.,PBANKA_1020500,PBANKA_1020500.1,mRNA,frameshift_variant,HIGH,I/NX,ata/aAta,K173v1_gDNA_NoPCR,"14-3-3+protein,+putative",1
PbANKA_10_v3,1139951,7225,TAAAGGT,AAAAAGGG,150.56,OTHER,0,23,0.69697,1,.,PBANKA_1028000,PBANKA_1028000.1,mRNA,frameshift_variant,HIGH,IKV/KKGX,aTAAAGGTg/aAAAAAGGGg,K173v1_gDNA_NoPCR,"ubiquitin+carboxyl-terminal+hydrolase,+putative",4
PbANKA_10_v3,1141482,7227,A,AT,3180.8,INDEL,4,25,0.119048,0.980952,.,PBANKA_1028000,PBANKA_1028000.1,mRNA,frameshift_variant,HIGH,S/MX,agt/aTgt,K173v1_gDNA_NoPCR,"ubiquitin+carboxyl-terminal+hydrolase,+putative",4
PbANKA_10_v3,1141482,7227,A,AAT,3180.8,INDEL,4,43,0.204762,0.980952,.,PBANKA_1028000,PBANKA_1028000.1,mRNA,frameshift_variant,HIGH,S/NX,agt/aATgt,K173v1_gDNA_NoPCR,"ubiquitin+carboxyl-terminal+hydrolase,+putative",4
PbANKA_10_v3,1606356,7611,C,TAG,263.407,OTHER,0,17,1,1,.,PBANKA_1040200,PBANKA_1040200.1,mRNA,frameshift_variant,HIGH,D/DX,gaC/gaTAG,K173v1_gDNA_NoPCR,PIR+protein,4
PbANKA_10_v3,1620333,7832,CG,C,1416.43,INDEL,0,91,1,1,.,PBANKA_1040521,PBANKA_1040521.1,mRNA,frameshift_variant,HIGH,P/X,ccG/cc,K173v1_gDNA_NoPCR,fam-b+protein,4
PbANKA_12_v3,37032,9367,T,TC,419.05,INDEL,0,6,0.272727,1,.,PBANKA_1200300,PBANKA_1200300.1,mRNA,frameshift_variant,HIGH,-/X,-/G,K173v1_gDNA_NoPCR,PIR+protein,4
PbANKA_12_v3,37957,9396,CTATTTTGT,TTACAAGGC,137.101,MNP,0,7,1,1,.,PBANKA_1200300,PBANKA_1200300.1,mRNA,splice_donor_variant&coding_sequence_variant,HIGH,.,.,K173v1_gDNA_NoPCR,PIR+protein,4
PbANKA_14_v3,364007,11889,T,TA,6615.8,INDEL,5,245,0.98,0.98,PPM6,PBANKA_1407700,PBANKA_1407700.1,mRNA,frameshift_variant,HIGH,L/LX,tta/ttAa,K173v1_gDNA_NoPCR,protein+phosphatase+PPM6,1
PbANKA_14_v3,1420286,12183,CAT,C,7225.36,INDEL,31,301,0.906627,0.906627,AP2-G,PBANKA_1437500,PBANKA_1437500.1,mRNA,frameshift_variant,HIGH,TY/TX,acATat/acat,K173v1_gDNA_NoPCR,AP2+domain+transcription+factor+AP2-G,1
PbANKA_14_v3,1793510,12346,G,T,12239.1,SNP,1,405,0.997537,0.997537,.,PBANKA_1446500,PBANKA_1446500.1,mRNA,stop_gained,HIGH,E/*,Gaa/Taa,K173v1_gDNA_NoPCR,"asparagine-rich+protein,+putative",1
PbANKA_14_v3,1793815,12347,TA,T,9998.9,INDEL,0,382,1,1,.,PBANKA_1446500,PBANKA_1446500.1,mRNA,frameshift_variant,HIGH,N/X,Aat/at,K173v1_gDNA_NoPCR,"asparagine-rich+protein,+putative",4
PbANKA_14_v3,1974715,12459,GA,G,799.729,INDEL,3,33,0.733333,0.933333,.,PBANKA_1451000,PBANKA_1451000.1,mRNA,frameshift_variant,HIGH,K/X,Aaa/aa,K173v1_gDNA_NoPCR,"conserved+Plasmodium+protein,+unknown+function",2
PbANKA_14_v3,2545295,12982,G,T,122.005,SNP,0,17,1,1,.,PBANKA_1466241,PBANKA_1466241.1,mRNA,splice_acceptor_variant,HIGH,.,.,K173v1_gDNA_NoPCR,fam-b+protein,4
PbANKA_00_v3_archived_contig_1,27656,13042,ACAAAATAG,GCCTTGTAA,10.7043,MNP,0,5,1,1,.,PBANKA_0001001,PBANKA_0001001.1,mRNA,splice_donor_variant&coding_sequence_variant,HIGH,.,.,K173v1_gDNA_NoPCR,PIR+protein,4
PbANKA_01_v3,395998,101,G,GTT,611.478,INDEL,0,5,0.135135,1,BTP1,PBANKA_0109900,PBANKA_0109900.1,mRNA,frameshift_variant,HIGH,T/KX,acc/aAAcc,PbANKA_820,"basal+complex+transmembrane+protein+1,+putative",4
PbANKA_04_v3,496944,412,A,AT,109.441,INDEL,4,9,0.391304,0.826087,.,PBANKA_0414000,PBANKA_0414000.1,mRNA,frameshift_variant,HIGH,-/X,-/A,PbANKA_820,"conserved+Plasmodium+protein,+unknown+function",4
PbANKA_05_v3,420955,485,C,CT,2226.9,INDEL,2,89,0.978022,0.978022,.,PBANKA_0510200,PBANKA_0510200.1,mRNA,frameshift_variant,HIGH,K/KX,aag/aaAg,PbANKA_820,"conserved+Plasmodium+protein,+unknown+function",2
PbANKA_06_v3,434992,603,T,TA,440.641,INDEL,3,24,0.631579,0.921053,.,PBANKA_0609500,PBANKA_0609500.1,mRNA,frameshift_variant,HIGH,I/IX,ata/atAa,PbANKA_820,"kinesin-X3,+putative",1
PbANKA_07_v3,318720,776,G,GA,523.673,INDEL,9,38,0.603175,0.857143,VPS15,PBANKA_0707600,PBANKA_0707600.1,mRNA,frameshift_variant,HIGH,-/X,-/A,PbANKA_820,"serine/threonine+protein+kinase+VPS15,+putative",2
PbANKA_07_v3,410805,800,C,A,684.855,SNP,1,7,0.194444,0.972222,.,PBANKA_0710700,PBANKA_0710700.1,mRNA,stop_gained,HIGH,S/*,tCa/tAa,PbANKA_820,"RNA-binding+protein,+putative",4
PbANKA_08_v3,822706,975,A,ATTTT,479.827,INDEL,1,27,0.72973,0.972973,RCC-PIP,PBANKA_0820800,PBANKA_0820800.1,mRNA,frameshift_variant,HIGH,I/KNX,att/aAAAAtt,PbANKA_820,regulator+of+chromosome+condensation-PP1-interacting+protein,2
PbANKA_08_v3,822727,975,C,TTTTT,479.827,OTHER,1,9,0.243243,0.972973,RCC-PIP,PBANKA_0820800,PBANKA_0820800.1,mRNA,frameshift_variant,HIGH,R/KKX,aGa/aAAAAAa,PbANKA_820,regulator+of+chromosome+condensation-PP1-interacting+protein,4
PbANKA_08_v3,886399,988,C,CTT,288.157,INDEL,1,21,0.677419,0.967742,.,PBANKA_0822600,PBANKA_0822600.1,mRNA,frameshift_variant,HIGH,-/X,-/AA,PbANKA_820,"conserved+protein,+unknown+function",2
PbANKA_09_v3,1587093,1279,C,T,794.605,SNP,1,33,0.970588,0.970588,.,PBANKA_0943700,PBANKA_0943700.1,mRNA,stop_gained,HIGH,Q/*,Caa/Taa,PbANKA_820,fam-b+protein,3
PbANKA_10_v3,1141482,1476,A,AAT,1718,INDEL,2,28,0.28866,0.979381,.,PBANKA_1028000,PBANKA_1028000.1,mRNA,frameshift_variant,HIGH,S/NX,agt/aATgt,PbANKA_820,"ubiquitin+carboxyl-terminal+hydrolase,+putative",4
PbANKA_11_v3,84103,1571,AC,A,402.704,INDEL,1,40,0.97561,0.97561,SBP1,PBANKA_1101300,PBANKA_1101300.1,mRNA,frameshift_variant&splice_region_variant,HIGH,N/X,aaC/aa,PbANKA_820,skeleton-binding+protein+1,1
PbANKA_14_v3,1974715,2410,GA,G,420.107,INDEL,4,24,0.857143,0.857143,.,PBANKA_1451000,PBANKA_1451000.1,mRNA,frameshift_variant,HIGH,K/X,Aaa/aa,PbANKA_820,"conserved+Plasmodium+protein,+unknown+function",2
PbANKA_01_v3,395998,111,G,GTT,845.999,INDEL,0,15,0.267857,1,BTP1,PBANKA_0109900,PBANKA_0109900.1,mRNA,frameshift_variant,HIGH,T/KX,acc/aAAcc,m7_GNP_PbANKA_820,"basal+complex+transmembrane+protein+1,+putative",4
PbANKA_05_v3,420955,631,C,CT,3620.22,INDEL,1,139,0.992857,0.992857,.,PBANKA_0510200,PBANKA_0510200.1,mRNA,frameshift_variant,HIGH,K/KX,aag/aaAg,m7_GNP_PbANKA_820,"conserved+Plasmodium+protein,+unknown+function",2
PbANKA_06_v3,165816,717,G,GAA,576.547,INDEL,4,14,0.291667,0.916667,MFS4,PBANKA_0602400,PBANKA_0602400.1,mRNA,frameshift_variant,HIGH,E/EX,gaa/gAAaa,m7_GNP_PbANKA_820,"major+facilitator+superfamily+domain-containing+protein,+putative",4
PbANKA_06_v3,165816,717,G,GAAAA,576.547,INDEL,4,6,0.125,0.916667,MFS4,PBANKA_0602400,PBANKA_0602400.1,mRNA,frameshift_variant,HIGH,E/EKX,gaa/gAAAAaa,m7_GNP_PbANKA_820,"major+facilitator+superfamily+domain-containing+protein,+putative",4
PbANKA_06_v3,434992,787,T,TA,466.246,INDEL,3,23,0.319444,0.958333,.,PBANKA_0609500,PBANKA_0609500.1,mRNA,frameshift_variant,HIGH,I/IX,ata/atAa,m7_GNP_PbANKA_820,"kinesin-X3,+putative",4
PbANKA_06_v3,435015,787,CT,AAA,466.246,OTHER,3,10,0.138889,0.958333,.,PBANKA_0609500,PBANKA_0609500.1,mRNA,frameshift_variant,HIGH,L/KX,CTa/AAAa,m7_GNP_PbANKA_820,"kinesin-X3,+putative",4
PbANKA_07_v3,410805,1028,C,CAA,370.369,INDEL,0,5,0.131579,1,.,PBANKA_0710700,PBANKA_0710700.1,mRNA,frameshift_variant,HIGH,S/SX,tca/tcAAa,m7_GNP_PbANKA_820,"RNA-binding+protein,+putative",4
PbANKA_07_v3,410805,1028,C,A,370.369,SNP,0,8,0.210526,1,.,PBANKA_0710700,PBANKA_0710700.1,mRNA,stop_gained,HIGH,S/*,tCa/tAa,m7_GNP_PbANKA_820,"RNA-binding+protein,+putative",4
PbANKA_08_v3,822706,1268,A,ATTTT,490.053,INDEL,1,31,0.62,0.98,RCC-PIP,PBANKA_0820800,PBANKA_0820800.1,mRNA,frameshift_variant,HIGH,I/KNX,att/aAAAAtt,m7_GNP_PbANKA_820,regulator+of+chromosome+condensation-PP1-interacting+protein,2
PbANKA_08_v3,822727,1268,C,TTTTT,490.053,OTHER,1,18,0.36,0.98,RCC-PIP,PBANKA_0820800,PBANKA_0820800.1,mRNA,frameshift_variant,HIGH,R/KKX,aGa/aAAAAAa,m7_GNP_PbANKA_820,regulator+of+chromosome+condensation-PP1-interacting+protein,4
PbANKA_08_v3,886399,1284,C,CTT,320.651,INDEL,1,30,0.545455,0.981818,.,PBANKA_0822600,PBANKA_0822600.1,mRNA,frameshift_variant,HIGH,-/X,-/AA,m7_GNP_PbANKA_820,"conserved+protein,+unknown+function",2
PbANKA_09_v3,1586688,1691,ATATC,GTATG,350.367,MNP,0,14,1,1,.,PBANKA_0943700,PBANKA_0943700.1,mRNA,stop_gained,HIGH,IS/V*,ATATCa/GTATGa,m7_GNP_PbANKA_820,fam-b+protein,4
PbANKA_09_v3,1587093,1699,C,T,1603.44,SNP,0,60,1,1,.,PBANKA_0943700,PBANKA_0943700.1,mRNA,stop_gained,HIGH,Q/*,Caa/Taa,m7_GNP_PbANKA_820,fam-b+protein,4
PbANKA_10_v3,1139951,1944,TAAAGGT,AAAAAGGG,66.9358,OTHER,0,12,0.5,1,.,PBANKA_1028000,PBANKA_1028000.1,mRNA,frameshift_variant,HIGH,IKV/KKGX,aTAAAGGTg/aAAAAAGGGg,m7_GNP_PbANKA_820,"ubiquitin+carboxyl-terminal+hydrolase,+putative",4
PbANKA_10_v3,1141482,1946,A,AAT,2230.82,INDEL,0,49,0.35,1,.,PBANKA_1028000,PBANKA_1028000.1,mRNA,frameshift_variant,HIGH,S/NX,agt/aATgt,m7_GNP_PbANKA_820,"ubiquitin+carboxyl-terminal+hydrolase,+putative",4
PbANKA_11_v3,84103,2065,AC,A,38.8229,INDEL,0,9,1,1,SBP1,PBANKA_1101300,PBANKA_1101300.1,mRNA,frameshift_variant&splice_region_variant,HIGH,N/X,aaC/aa,m7_GNP_PbANKA_820,skeleton-binding+protein+1,4
PbANKA_14_v3,1421568,3133,TA,T,6284.33,INDEL,0,217,1,1,AP2-G,PBANKA_1437500,PBANKA_1437500.1,mRNA,frameshift_variant,HIGH,K/X,Aaa/aa,m7_GNP_PbANKA_820,AP2+domain+transcription+factor+AP2-G,4
PbANKA_14_v3,1974715,3258,GA,G,493.93,INDEL,0,19,0.527778,1,.,PBANKA_1451000,PBANKA_1451000.1,mRNA,frameshift_variant,HIGH,K/X,Aaa/aa,m7_GNP_PbANKA_820,"conserved+Plasmodium+protein,+unknown+function",4
PbANKA_14_v3,1974739,3258,ATC,TT,493.93,OTHER,0,5,0.138889,1,.,PBANKA_1451000,PBANKA_1451000.1,mRNA,frameshift_variant,HIGH,KS/NX,aaATCt/aaTTt,m7_GNP_PbANKA_820,"conserved+Plasmodium+protein,+unknown+function",4
PbANKA_01_v3,395998,183,G,GTT,1130.8,INDEL,2,15,0.214286,0.971429,BTP1,PBANKA_0109900,PBANKA_0109900.1,mRNA,frameshift_variant,HIGH,T/KX,acc/aAAcc,m8_GNP_PbANKA_820,"basal+complex+transmembrane+protein+1,+putative",4
PbANKA_05_v3,420955,1309,C,CT,9703.32,INDEL,1,337,0.997041,0.997041,.,PBANKA_0510200,PBANKA_0510200.1,mRNA,frameshift_variant,HIGH,K/KX,aag/aaAg,m8_GNP_PbANKA_820,"conserved+Plasmodium+protein,+unknown+function",2
PbANKA_06_v3,165816,1600,G,GAA,1018.29,INDEL,5,14,0.2,0.928571,MFS4,PBANKA_0602400,PBANKA_0602400.1,mRNA,frameshift_variant,HIGH,E/EX,gaa/gAAaa,m8_GNP_PbANKA_820,"major+facilitator+superfamily+domain-containing+protein,+putative",4
PbANKA_06_v3,165816,1600,G,GAAAA,1018.29,INDEL,5,11,0.157143,0.928571,MFS4,PBANKA_0602400,PBANKA_0602400.1,mRNA,frameshift_variant,HIGH,E/EKX,gaa/gAAAAaa,m8_GNP_PbANKA_820,"major+facilitator+superfamily+domain-containing+protein,+putative",4
PbANKA_06_v3,434992,1745,T,TA,1982.03,INDEL,8,23,0.129213,0.955056,.,PBANKA_0609500,PBANKA_0609500.1,mRNA,frameshift_variant,HIGH,I/IX,ata/atAa,m8_GNP_PbANKA_820,"kinesin-X3,+putative",4
PbANKA_07_v3,318720,2205,G,GA,281.176,INDEL,14,30,0.394737,0.815789,VPS15,PBANKA_0707600,PBANKA_0707600.1,mRNA,frameshift_variant,HIGH,-/X,-/A,m8_GNP_PbANKA_820,"serine/threonine+protein+kinase+VPS15,+putative",4
PbANKA_07_v3,410805,2264,C,A,661.611,SNP,0,29,0.42029,1,.,PBANKA_0710700,PBANKA_0710700.1,mRNA,stop_gained,HIGH,S/*,tCa/tAa,m8_GNP_PbANKA_820,"RNA-binding+protein,+putative",4
PbANKA_08_v3,822706,2784,A,ATTTT,249.169,INDEL,0,28,0.756757,1,RCC-PIP,PBANKA_0820800,PBANKA_0820800.1,mRNA,frameshift_variant,HIGH,I/KNX,att/aAAAAtt,m8_GNP_PbANKA_820,regulator+of+chromosome+condensation-PP1-interacting+protein,4
PbANKA_08_v3,822727,2784,C,TTTTT,249.169,OTHER,0,9,0.243243,1,RCC-PIP,PBANKA_0820800,PBANKA_0820800.1,mRNA,frameshift_variant,HIGH,R/KKX,aGa/aAAAAAa,m8_GNP_PbANKA_820,regulator+of+chromosome+condensation-PP1-interacting+protein,4
PbANKA_09_v3,1586688,3711,ATATC,GTATG,433.022,MNP,1,20,0.952381,0.952381,.,PBANKA_0943700,PBANKA_0943700.1,mRNA,stop_gained,HIGH,IS/V*,ATATCa/GTATGa,m8_GNP_PbANKA_820,fam-b+protein,3
PbANKA_09_v3,1587093,3719,C,T,2446.04,SNP,3,94,0.969072,0.969072,.,PBANKA_0943700,PBANKA_0943700.1,mRNA,stop_gained,HIGH,Q/*,Caa/Taa,m8_GNP_PbANKA_820,fam-b+protein,3
PbANKA_10_v3,1141482,4247,A,AAT,6954.51,INDEL,2,70,0.224359,0.99359,.,PBANKA_1028000,PBANKA_1028000.1,mRNA,frameshift_variant,HIGH,S/NX,agt/aATgt,m8_GNP_PbANKA_820,"ubiquitin+carboxyl-terminal+hydrolase,+putative",4
PbANKA_11_v3,84103,4478,AC,A,30.4283,INDEL,0,14,1,1,SBP1,PBANKA_1101300,PBANKA_1101300.1,mRNA,frameshift_variant&splice_region_variant,HIGH,N/X,aaC/aa,m8_GNP_PbANKA_820,skeleton-binding+protein+1,4
PbANKA_14_v3,1420299,7271,TA,T,12487.2,INDEL,0,421,1,1,AP2-G,PBANKA_1437500,PBANKA_1437500.1,mRNA,frameshift_variant,HIGH,K/X,Aaa/aa,m8_GNP_PbANKA_820,AP2+domain+transcription+factor+AP2-G,4
PbANKA_14_v3,1974715,7513,GA,G,633.138,INDEL,1,24,0.428571,0.982143,.,PBANKA_1451000,PBANKA_1451000.1,mRNA,frameshift_variant,HIGH,K/X,Aaa/aa,m8_GNP_PbANKA_820,"conserved+Plasmodium+protein,+unknown+function",4
PbANKA_14_v3,1974739,7513,ATC,TT,633.138,OTHER,1,8,0.142857,0.982143,.,PBANKA_1451000,PBANKA_1451000.1,mRNA,frameshift_variant,HIGH,KS/NX,aaATCt/aaTTt,m8_GNP_PbANKA_820,"conserved+Plasmodium+protein,+unknown+function",4
PbANKA_14_v3,2456097,7710,TAATG,AAA,110.641,OTHER,0,5,1,1,.,PBANKA_1465000,PBANKA_1465000.1,mRNA,stop_gained&frameshift_variant,HIGH,YNA/*NX,taTAATGca/taAAAca,m8_GNP_PbANKA_820,fam-c+protein,4
